fold,best_epoch,best_val_macro_f1,test_macro_f1,test_micro_f1,test_weighted_f1,test_accuracy,fold_time
1,37,0.9057942660194982,0.9064864970790562,0.905811623246493,0.9064537167637999,0.905811623246493,12165.249825
2,30,0.9054570853982621,0.899810832899846,0.899749373433584,0.8999529040521654,0.899749373433584,12191.004678
3,10,0.8905011954849417,0.888222834330408,0.8877755511022044,0.8883074988637393,0.8877755511022044,14856.551708
4,20,0.9031944282068122,0.888236899172096,0.8883324987481221,0.8884156765330494,0.8883324987481221,12275.048196
5,10,0.9246246356842334,0.8982925999978474,0.8991470145509283,0.898430524027463,0.8991470145509283,18112.406263
