{
  "test_loss": 0.647612510396045,
  "test_acc": 0.8552036199095022,
  "best_val_acc": 0.8722334004024145,
  "splits": {
    "train": 6963,
    "val": 994,
    "test": 1989
  }
}