{
  "test_loss": 0.5566722241531386,
  "test_acc": 0.8627450980392157,
  "best_val_acc": 0.8631790744466801,
  "splits": {
    "train": 6963,
    "val": 994,
    "test": 1989
  },
  "model": "resnet50.a1_in1k"
}