total_images,accuracy,avg_inference_time_ms,median_inference_time_ms,std_inference_time_ms,min_inference_time_ms,max_inference_time_ms
3088,0.9245466321243523,11.896331770432427,15.384197235107422,4.327059285226226,7.201433181762695,88.02270889282227
