fold,best_epoch,best_val_macro_f1,test_macro_f1,test_micro_f1,test_weighted_f1,test_accuracy,fold_time
1,22,0.9644083100166418,0.9699883505607452,0.969939879759519,0.9699560404193615,0.969939879759519,2321.4394233226776
2,23,0.9727908632774025,0.9749021316913365,0.974937343358396,0.9749227719545565,0.974937343358396,1916.301748752594
3,19,0.9761879053476903,0.9699213395670391,0.969939879759519,0.9699287646639346,0.969939879759519,1906.1351368427277
4,12,0.9780212224721581,0.9616806467340696,0.9619429143715573,0.9617812132908476,0.9619429143715573,1907.0150828361511
5,22,0.9806556141484936,0.9713421734233301,0.9713998996487707,0.9712951251648257,0.9713998996487707,1926.382334470749
