{
  "test_loss": 0.4916104795044249,
  "test_acc": 0.8924082453494219,
  "best_val_acc": 0.903420523138833,
  "splits": {
    "train": 6963,
    "val": 994,
    "test": 1989
  }
}